{"stats":{"minecraft:custom":{"minecraft:open_chest":10,"minecraft:time_since_rest":42751,"minecraft:strider_one_cm":8707,"minecraft:crouch_one_cm":2137160,"minecraft:play_time":1861731,"minecraft:interact_with_furnace":75,"minecraft:inspect_dropper":1,"minecraft:open_enderchest":3,"minecraft:walk_one_cm":54781,"minecraft:deaths":472,"minecraft:sneak_time":16850864,"minecraft:trigger_trapped_chest":88,"minecraft:walk_under_water_one_cm":230529,"minecraft:pot_flower":16,"minecraft:drop":105398,"minecraft:animals_bred":78,"minecraft:aviate_one_cm":113429,"minecraft:jump":15,"minecraft:leave_game":147,"minecraft:play_record":62,"minecraft:time_since_death":1301,"minecraft:walk_on_water_one_cm":338260,"minecraft:sleep_in_bed":122,"minecraft:enchant_item":4,"minecraft:climb_one_cm":84857924,"minecraft:total_world_time":123752,"minecraft:damage_resisted":12,"minecraft:fish_caught":4,"minecraft:interact_with_crafting_table":686,"minecraft:fall_one_cm":4273,"minecraft:fly_one_cm":330619,"minecraft:player_kills":2,"minecraft:horse_one_cm":914}},"DataVersion":4189}